router_id,min_power_consumption_watts
r1,702.6962460499429
r2,702.7333849016355
r3,702.7201094944407
r4,69.58299129938813
r7,69.58289162208527
