sum_energy_aware,sum_no_energy_aware,saving_ea_vs_nea
44.776915252749205,99.44457686521922,54.97299434092122
