router_id,power_avg
r1,1.0501838592940043
r2,0.30260865579274804
r3,0.32321430187490324
r4,0.09267581623675329
r7,0.0970221689994748
