router_id,power_avg
r1,0.20322490795365886
r2,1.0646996799628947
r3,1.078177306267624
r4,0.5817398962682526
r7,1.2156822455983705
