router_id,power_avg
r1,703.746429909237
r2,703.0359935574284
r3,703.0433237963157
r4,69.67566711562489
r7,69.67991379108476
