router_id,saving_ea_vs_nea
r1,-0.12049503326360365
r2,0.10828262265349112
r3,0.10726979854192044
r4,0.6970226660851865
r7,1.5800601841070665
