router_id,saving_ea_vs_nea
r1,-416.75942179955445
r2,71.57802697909197
r3,70.0221568385826
r4,84.0692005428456
r7,92.019117713468
