router_id,power_avg
r1,702.8994709578966
r2,703.7980845815983
r3,703.7982868007083
r4,70.16473119565636
r7,70.79857386768366
