sum_energy_aware,sum_no_energy_aware,saving_ea_vs_nea
53980.35187607257,54035.019537685046,0.10117080012222221
