router_id,power_sum
r1,16869.54600881107
r2,17422.22859108549
r3,17422.33303910624
r4,1683.8471245386518
r7,1685.0427299634396
