router_id,saving_ea_vs_nea
r1,-3.293023665124785
r2,100.0
r3,100.0
r4,-11.40296748439014
r7,-11.321895612004015
