sum_energy_aware,sum_no_energy_aware,saving_ea_vs_nea
21176.74132458453,55082.997493504896,61.55484943047701
