sum_energy_aware,sum_no_energy_aware,saving_ea_vs_nea
109.0894599266051,131.48173880725165,17.030713986428918
