sum_energy_aware,sum_no_energy_aware,saving_ea_vs_nea
64065.577978714355,64087.97025759501,0.03493990961275368
