router_id,mean_power_first_decil
r1,702.7210098793365
r2,703.0216317331206
r3,703.0043639383952
r4,69.68249247497137
r7,69.69743911752603
