router_id,min_power_consumption_watts
r1,702.697437024473
r2,702.7285924108058
r3,702.8934293419563
r4,69.58303681458295
r7,69.5831129574151
