router_id,power_avg
r1,726.0443396283472
r2,703.0916199050417
r3,703.0629246865705
r4,78.16065269319303
r7,78.15922953614846
