router_id,power_avg
r1,0.17809984138627158
r2,22.904559562108293
r3,22.926179357698164
r4,0.4861247034051613
r7,0.5184766283339007
