sum_energy_aware,sum_no_energy_aware,saving_ea_vs_nea
54924.45039478321,55082.997493504896,0.287833099025481
