router_id,power_sum
r1,4.274396193270518
r2,549.7094294905991
r3,550.228304584756
r4,11.666992881723871
r7,12.443439080013617
