sum_energy_aware,sum_no_energy_aware,saving_ea_vs_nea
969.5166630885337,1128.322562230363,14.074512418498179
