router_id,power_sum
r1,17425.064151080333
r2,16874.198877721003
r3,16873.51019247769
r4,1875.8556646366326
r7,1875.821508867563
