router_id,saving_ea_vs_nea
r1,-12995.648804327655
r2,99.67561468564233
r3,99.74287815524517
r4,-1644.0299081356357
r7,-1532.0485738795928
