router_id,power_avg
r1,702.897750367128
r2,725.9261912952288
r3,725.9305432960933
r4,70.16029685577716
r7,70.21011374847664
