router_id,power_sum
r1,559.7599139762573
r2,1.783176660906842
r3,1.4147571671115315
r4,203.47584523731996
r7,203.0829700469382
