router_id,power_avg
r1,23.32332974901072
r2,0.07429902753778508
r3,0.05894821529631381
r4,8.478160218221666
r7,8.461790418622424
