router_id,saving_ea_vs_nea
r1,-12995.648804327651
r2,99.67561468564232
r3,99.74287815524518
r4,-1644.0299081356354
r7,-1532.048573879593
