router_id,saving_ea_vs_nea
r1,-3.2930236651247795
r2,3.1455775620169666
r3,3.1501110981902314
r4,-11.402967484390139
r7,-11.32189561200403
