router_id,mean_power_first_decil
r1,702.7210098793365
r2,703.0216317331206
r3,703.0043639383952
r4,69.68249247497137
r5,70.85313436344123
r6,69.68998638007275
r7,69.69743911752603
r8,69.93542058260175
r9,69.94452710748917
rg,74.32629386656957
ru,73.66290669584262
