sum_energy_aware,sum_no_energy_aware,saving_ea_vs_nea
65763.9352693679,65931.4555525314,0.254082488790252
