sum_energy_aware,sum_no_energy_aware,saving_ea_vs_nea
1531.134000015752,1701.7332671095305,10.025029797034463
