sum_energy_aware,sum_no_energy_aware,saving_ea_vs_nea
28650.519617891005,42309.135983281914,32.28290072098847
