sum_energy_aware,sum_no_energy_aware,saving_ea_vs_nea
28650.519617891005,65931.4555525314,56.54499149489658
