router_id,saving_ea_vs_nea
r1,-3.293023665124785
r2,100.0
r3,100.0
r4,-11.40296748439014
r5,-10.512752031680023
r6,100.0
r7,-11.321895612004015
r8,-11.218060552364292
r9,100.0
rg,-0.16750298777025488
ru,0.005854587639551997
