router_id,power_avg
r1,0.0
r2,725.9261912952288
r3,725.9305432960933
r4,0.0
r7,0.0
