router_id,saving_ea_vs_nea
r1,-3.2930236651247795
r2,100.0
r3,100.0
r4,-11.402967484390139
r7,-11.32189561200403
