sum_energy_aware,sum_no_energy_aware,saving_ea_vs_nea
21176.74132458453,34844.56163019173,39.22511768311202
