router_id,power_sum
r1,17425.064151080333
r2,0.0
r3,0.0
r4,1875.8556646366326
r7,1875.821508867563
