router_id,power_sum
r1,0.0
r2,17422.22859108549
r3,17422.33303910624
r4,0.0
r7,0.0
