router_id,power_avg
r1,726.0443396283472
r2,0.0
r3,0.0
r4,78.16065269319303
r7,78.15922953614846
